<?xml version="1.0" encoding="UTF-8"?>
<configuration>
    <!--主要输出日志：控制台日志、系统日志、sql日志、异常日志-->
    <!--“%m”输出的信息，“%p”日志级别，“%t”线程名，“%d”日志，“%c”类的全名-->
    <!--控制台-->
    <appender name="console" class="ch.qos.logback.core.ConsoleAppender">
        <encoder>
            <pattern>%d %p (%file:%line\)- %m%n</pattern>
            <charset>UTF-8</charset>
        </encoder>
    </appender>

    <!--系统info级别日志-->
    <!--<File> 日志目录，没有会自动创建-->
    <!--<rollingPolicy>日志策略，每一天建立一个日志文件，或者当天日志文件炒股64MB是-->
    <!--encoder 日志变量以及输出格式-->
    <!--rollingFileConsole滚动文件控制台-->
    <appender name="fileLog"
              class="ch.qos.logback.core.rolling.RollingFileAppender">
        <File>log/file/fileLog.log</File>
        <rollingPolicy class="ch.qos.logback.core.rolling.TimeBasedRollingPolicy">
            <fileNamePattern>log/file/fileLog.log.%d.%i</fileNamePattern>
            <maxHistory>365</maxHistory> <!--max save days -->
            <timeBasedFileNamingAndTriggeringPolicy class="ch.qos.logback.core.rolling.SizeAndTimeBasedFNATP">
                <maxFileSize>64 MB</maxFileSize>
            </timeBasedFileNamingAndTriggeringPolicy>
        </rollingPolicy>
        <encoder>
            <pattern>%d %p (%file:%line\)- %m%n</pattern>
            <charset>UTF-8</charset>
            <!--此处设置字符集-->
        </encoder>
    </appender>

    <!--sql日志-->
    <appender name="sqlLog"
              class="ch.qos.logback.core.rolling.RollingFileAppender">
        <File>log/sql/sqlFile.log</File>
        <rollingPolicy class="ch.qos.logback.core.rolling.TimeBasedRollingPolicy">
            <fileNamePattern>log/sql/sqlFile.log.%d.%i</fileNamePattern>
            <maxHistory>365</maxHistory> <!--max save days -->
            <timeBasedFileNamingAndTriggeringPolicy class="ch.qos.logback.core.rolling.SizeAndTimeBasedFNATP">
                <maxFileSize>64 MB</maxFileSize>
            </timeBasedFileNamingAndTriggeringPolicy>
        </rollingPolicy>
        <!--对记录事件进行格式化，负责亮两件事：
            1.把日志转换成字节数组
            2.把字节数组写入到输入流
            -->
        <encoder>
            <pattern>%d %p (%file:%line\)- %m%n</pattern>
            <charset>UTF-8</charset>
            <!--此处设置字符集-->
        </encoder>
    </appender>

    <!--异常日志-->
    <appender name="errorFile"
              class="ch.qos.logback.core.rolling.RollingFileAppender">
        <File>log/error/errorFile.log</File>
        <rollingPolicy class="ch.qos.logback.core.rolling.TimeBasedRollingPolicy">
            <fileNamePattern>log/error/errorFile.log.%d.%i</fileNamePattern>
            <maxHistory>365</maxHistory> <!--max save days -->
            <timeBasedFileNamingAndTriggeringPolicy class="ch.qos.logback.core.rolling.SizeAndTimeBasedFNATP">
                <maxFileSize>64 MB</maxFileSize>
            </timeBasedFileNamingAndTriggeringPolicy>
        </rollingPolicy>
        <!--对记录事件进行格式化，负责亮两件事：
            1.把日志转换成字节数组
            2.把字节数组写入到输入流
            -->
        <encoder>
            <pattern>%d %p (%file:%line\)- %m%n</pattern>
            <charset>UTF-8</charset>
            <!--此处设置字符集-->
        </encoder>
        <!--如果只是想要 Info 级别的日志，只是过滤 info 还是会输出 Error 日志，
        因为 Error 的级别高，所以我们使用下面的策略，可以避免输出 Error 的日志-->
        <filter class="ch.qos.logback.classic.filter.LevelFilter">
            <!--过滤 Error-->
            <level>ERROR</level>
            <!--没有匹配到就允许-->
            <onMatch>ACCEPT</onMatch>
            <!--匹配到就禁止-->
            <onMismatch>DENY</onMismatch>
        </filter>
    </appender>
</configuration>