<configuration>
    <!--本文主要输出日志为控制台日志，系统日志，sql日志，异常日志-->
    <!-- %m输出的信息,%p日志级别,%t线程名,%d日期,%c类的全名,,,, -->
    <!--控制台-->
    <appender name="console" class="ch.qos.logback.core.ConsoleAppender">
        <encoder>
            <pattern>%d %p (%file:%line\)- %m%n</pattern>
            <charset>UTF-8</charset>
        </encoder>
    </appender>

    <!--系统info级别日志-->
    <!--<File> 日志目录，没有会自动创建-->
    <!--<rollingPolicy>日志策略，每天简历一个日志文件，或者当天日志文件超过64MB时-->
    <!--encoder 日志编码及输出格式-->
    <appender name="fileLog"
              class="ch.qos.logback.core.rolling.RollingFileAppender">
        <File>log/file/fileLog.log</File>
        <rollingPolicy class="ch.qos.logback.core.rolling.TimeBasedRollingPolicy">
            <fileNamePattern>log/file/fileLog.log.%d.%i</fileNamePattern>
            <timeBasedFileNamingAndTriggeringPolicy class="ch.qos.logback.core.rolling.SizeAndTimeBasedFNATP">
                <!-- or whenever the file size reaches 64 MB -->
                <maxFileSize>64 MB</maxFileSize>
            </timeBasedFileNamingAndTriggeringPolicy>
        </rollingPolicy>
        <encoder>
            <pattern>
                %d %p (%file:%line\)- %m%n
            </pattern>
            <charset>UTF-8</charset>
            <!-- 此处设置字符集 -->
        </encoder>
    </appender>

    <!--sql日志-->
    <appender name="sqlFile"
              class="ch.qos.logback.core.rolling.RollingFileAppender">
        <File>log/sql/sqlFile.log</File>
        <rollingPolicy class="ch.qos.logback.core.rolling.TimeBasedRollingPolicy">
            <fileNamePattern>log/sql/sqlFile.log.%d.%i</fileNamePattern>
            <timeBasedFileNamingAndTriggeringPolicy class="ch.qos.logback.core.rolling.SizeAndTimeBasedFNATP">
                <!-- or whenever the file size reaches 64 MB -->
                <maxFileSize>64 MB</maxFileSize>
            </timeBasedFileNamingAndTriggeringPolicy>
        </rollingPolicy>
        <!--对记录事件进行格式化。负责两件事，一是把日志信息转换成字节数组，二是把字节数组写入到输出流。-->
        <encoder>
            <!--用来设置日志的输入格式-->
            <pattern>
                %d %p (%file:%line\)- %m%n
            </pattern>
            <charset>UTF-8</charset>
            <!-- 此处设置字符集 -->
        </encoder>
    </appender>


    <!--异常日志-->
    <appender name="errorFile"
              class="ch.qos.logback.core.rolling.RollingFileAppender">
        <File>log/error/errorFile.log</File>
        <rollingPolicy class="ch.qos.logback.core.rolling.TimeBasedRollingPolicy">
            <fileNamePattern>log/error/errorFile.%d.log.%i</fileNamePattern>
            <timeBasedFileNamingAndTriggeringPolicy class="ch.qos.logback.core.rolling.SizeAndTimeBasedFNATP">
                <!-- or whenever the file size reaches 64 MB -->
                <maxFileSize>64 MB</maxFileSize>
            </timeBasedFileNamingAndTriggeringPolicy>
        </rollingPolicy>
        <!--对记录事件进行格式化。负责两件事，一是把日志信息转换成字节数组，二是把字节数组写入到输出流。-->
        <encoder>
            <!--用来设置日志的输入格式-->
            <pattern>
                %d %p (%file:%line\)- %m%n
            </pattern>
            <charset>UTF-8</charset>
            <!-- 此处设置字符集 -->
        </encoder>
        <!--
            日志都在这里 过滤出 error
            使用 try {}catch (Exception e){} 的话异常无法写入日志，可以在catch里用logger.error()方法手动写入日志
            -->
        <filter class="ch.qos.logback.classic.filter.LevelFilter">
            <level>ERROR</level>
            <onMatch>ACCEPT</onMatch>
            <onMismatch>DENY</onMismatch>
        </filter>
    </appender>
    <!--  日志输出级别 -->
    <!--All\DEBUG\INFO\WARN\ERROR\FATAL\OFF-->
    <!--打印info级别日志，分别在控制台，fileLog，errorFile输出
        异常日志在上面由过滤器过滤出ERROR日志打印
    -->
    <root level="ERROR">
        <appender-ref ref="fileLog" />
        <appender-ref ref="console" />
        <appender-ref ref="errorFile"/>
    </root>

    <!--打印sql至sqlFile文件日志-->
    <logger name="com.mayikt.mapper" level="DEBUG" additivity="false">
        <appender-ref ref="console" />
        <appender-ref ref="sqlFile" />
    </logger>
</configuration>